#Release 14.7 - par P.20131013 (nt64)
#Copyright (c) 1995-2013 Xilinx, Inc.  All rights reserved.

#Tue Aug 20 14:16:44 2024

#
## NOTE: This file is designed to be imported into a spreadsheet program
# such as Microsoft Excel for viewing, printing and sorting. The |
# character is used as the data field separator. This file is also designed
# to support parsing.
#
#INPUT FILE:       top_map.ncd
#OUTPUT FILE:      top_pad.csv
#PART TYPE:        xc3s200an
#SPEED GRADE:      -4
#PACKAGE:          ftg256
#
# Pinout by Pin Number:
# 
# -----,-----,-----,-----,-----,-----,-----,-----,-----,-----,-----,-----,-----,-----,-----,
Pin Number,Signal Name,Pin Usage,Pin Name,Direction,IO Standard,IO Bank Number,Drive (mA),Slew Rate,Termination,IOB Delay,Voltage,Constraint,IO Register,Signal Integrity,
A1,,,GND,,,,,,,,,,,,
A2,,,PROG_B,,,,,,,,,,,,
A3,trx1_rx,IOB,IO_L19P_0,OUTPUT,LVCMOS33,0,12,SLOW,NONE**,,,LOCATED,NO,NONE,
A4,trx1_en_n,IOB,IO_L18P_0,OUTPUT,LVCMOS33,0,12,SLOW,NONE**,,,LOCATED,NO,NONE,
A5,trx1_spi_mosi_p,DIFFMTB,IO_L17P_0,OUTPUT,LVDS_33,0,,,NONE**,,,LOCATED,NO,NONE,
A6,trx1_spi_clk_p,DIFFMTB,IO_L15P_0,OUTPUT,LVDS_33,0,,,NONE**,,,LOCATED,NO,NONE,
A7,,DIFFMTB,IO_L13P_0,UNUSED,,0,,,,,,,,,
A8,trx2_rx,IOB,IO_L12P_0/GCLK10,OUTPUT,LVCMOS33,0,12,SLOW,NONE**,,,LOCATED,NO,NONE,
A9,trx2_rad,IOB,IO_L10N_0/GCLK7,OUTPUT,LVCMOS33,0,12,SLOW,NONE**,,,LOCATED,NO,NONE,
A10,trx2_spi_mosi_n,DIFFSTB,IO_L08N_0,OUTPUT,LVDS_33,0,,,NONE**,,,UNLOCATED,NO,NONE,
A11,trx2_spi_clk_n,DIFFSTB,IO_L07N_0,OUTPUT,LVDS_33,0,,,NONE**,,,UNLOCATED,NO,NONE,
A12,,DIFFSTB,IO_L05N_0,UNUSED,,0,,,,,,,,,
A13,trx3_spi_mosi_n,DIFFSTB,IO_L04N_0,OUTPUT,LVDS_33,0,,,NONE**,,,UNLOCATED,NO,NONE,
A14,trx3_spi_mosi_p,DIFFMTB,IO_L04P_0,OUTPUT,LVDS_33,0,,,NONE**,,,LOCATED,NO,NONE,
A15,,,TCK,,,,,,,,,,,,
A16,,,GND,,,,,,,,,,,,
B1,,,TDI,,,,,,,,,,,,
B2,,,TMS,,,,,,,,,,,,
B3,trx1_tx,IOB,IO_L19N_0,OUTPUT,LVCMOS33,0,12,SLOW,NONE**,,,LOCATED,NO,NONE,
B4,trx1_rad,IOB,IO_L18N_0,OUTPUT,LVCMOS33,0,12,SLOW,NONE**,,,LOCATED,NO,NONE,
B5,,,VCCO_0,,,0,,,,,3.30,,,,
B6,trx1_spi_clk_n,DIFFSTB,IO_L15N_0,OUTPUT,LVDS_33,0,,,NONE**,,,UNLOCATED,NO,NONE,
B7,,,GND,,,,,,,,,,,,
B8,trx2_tx,IOB,IO_L12N_0/GCLK11,OUTPUT,LVCMOS33,0,12,SLOW,NONE**,,,LOCATED,NO,NONE,
B9,,,VCCO_0,,,0,,,,,3.30,,,,
B10,trx2_spi_mosi_p,DIFFMTB,IO_L08P_0,OUTPUT,LVDS_33,0,,,NONE**,,,LOCATED,NO,NONE,
B11,,,GND,,,,,,,,,,,,
B12,,DIFFMTB,IO_L05P_0,UNUSED,,0,,,,,,,,,
B13,,,VCCO_0,,,0,,,,,3.30,,,,
B14,trx4_spi_clk_n,DIFFSTB,IO_L02N_0,OUTPUT,LVDS_33,0,,,NONE**,,,UNLOCATED,NO,NONE,
B15,trx4_spi_clk_p,DIFFMTB,IO_L02P_0/VREF_0,OUTPUT,LVDS_33,0,,,NONE**,,,LOCATED,NO,NONE,
B16,,,TDO,,,,,,,,,,,,
C1,,DIFFSLR,IO_L01N_3,UNUSED,,3,,,,,,,,,
C2,,DIFFMLR,IO_L01P_3,UNUSED,,3,,,,,,,,,
C3,,,GND,,,,,,,,,,,,
C4,trx1_spi_cs,IOB,IO_L20P_0/VREF_0,OUTPUT,LVCMOS33,0,12,SLOW,NONE**,,,LOCATED,NO,NONE,
C5,trx1_spi_mosi_n,DIFFSTB,IO_L17N_0,OUTPUT,LVDS_33,0,,,NONE**,,,UNLOCATED,NO,NONE,
C6,,DIFFSTB,IO_L16N_0,UNUSED,,0,,,,,,,,,
C7,,DIFFSTB,IO_L13N_0,UNUSED,,0,,,,,,,,,
C8,,DIFFMTB,IO_L11P_0/GCLK8,UNUSED,,0,,,,,,,,,
C9,trx2_en_n,IOB,IO_L10P_0/GCLK6,OUTPUT,LVCMOS33,0,12,SLOW,NONE**,,,LOCATED,NO,NONE,
C10,trx2_spi_cs,IOB,IO_L09P_0/GCLK4,OUTPUT,LVCMOS33,0,12,SLOW,NONE**,,,LOCATED,NO,NONE,
C11,trx2_spi_clk_p,DIFFMTB,IO_L07P_0,OUTPUT,LVDS_33,0,,,NONE**,,,LOCATED,NO,NONE,
C12,trx3_spi_clk_p,DIFFMTB,IO_L03P_0,OUTPUT,LVDS_33,0,,,NONE**,,,LOCATED,NO,NONE,
C13,trx4_spi_mosi_n,DIFFSTB,IO_L01N_0,OUTPUT,LVDS_33,0,,,NONE**,,,UNLOCATED,NO,NONE,
C14,,,GND,,,,,,,,,,,,
C15,ce_2594,IOB,IO_L24N_1/A25,OUTPUT,LVCMOS33,1,12,SLOW,NONE**,,,LOCATED,NO,NONE,
C16,spi_le_2594,IOB,IO_L24P_1/A24,OUTPUT,LVCMOS33,1,12,SLOW,NONE**,,,LOCATED,NO,NONE,
D1,,DIFFMLR,IO_L03P_3,UNUSED,,3,,,,,,,,,
D2,,,VCCO_3,,,3,,,,,3.30,,,,
D3,,DIFFSLR,IO_L02N_3,UNUSED,,3,,,,,,,,,
D4,,DIFFMLR,IO_L02P_3,UNUSED,,3,,,,,,,,,
D5,,DIFFSTB,IO_L20N_0/PUDC_B,UNUSED,,0,,,,,,,,,
D6,,IBUF,IP_0,UNUSED,,0,,,,,,,,,
D7,,DIFFMTB,IO_L16P_0,UNUSED,,0,,,,,,,,,
D8,,DIFFSTB,IO_L11N_0/GCLK9,UNUSED,,0,,,,,,,,,
D9,,DIFFSTB,IO_L09N_0/GCLK5,UNUSED,,0,,,,,,,,,
D10,,DIFFMTB,IO_L06P_0,UNUSED,,0,,,,,,,,,
D11,trx3_spi_clk_n,DIFFSTB,IO_L03N_0,OUTPUT,LVDS_33,0,,,NONE**,,,UNLOCATED,NO,NONE,
D12,,IBUF,IP_0,UNUSED,,0,,,,,,,,,
D13,trx4_spi_mosi_p,DIFFMTB,IO_L01P_0,OUTPUT,LVDS_33,0,,,NONE**,,,LOCATED,NO,NONE,
D14,mout_2594,IBUF,IO_L23N_1/A23,INPUT,LVCMOS33,1,,,,IBUF,,LOCATED,NO,NONE,
D15,spi_clk_2594,IOB,IO_L22N_1/A21,OUTPUT,LVCMOS33,1,12,SLOW,NONE**,,,LOCATED,NO,NONE,
D16,spi_sdo_2594,IOB,IO_L22P_1/A20,OUTPUT,LVCMOS33,1,12,SLOW,NONE**,,,LOCATED,NO,NONE,
E1,trx3_en_n,IOB,IO_L03N_3,OUTPUT,LVCMOS33,3,12,SLOW,NONE**,,,LOCATED,NO,NONE,
E2,trx3_spi_cs,IOB,IO_L05N_3,OUTPUT,LVCMOS33,3,12,SLOW,NONE**,,,LOCATED,NO,NONE,
E3,trx3_rx,IOB,IO_L05P_3,OUTPUT,LVCMOS33,3,12,SLOW,NONE**,,,LOCATED,NO,NONE,
E4,,DIFFMI_NDT,IP_L04P_3,UNUSED,,3,,,,,,,,,
E5,,,GND,,,,,,,,,,,,
E6,,IBUF,IP_0,UNUSED,,0,,,,,,,,,
E7,,DIFFSTB,IO_L14N_0/VREF_0,UNUSED,,0,,,,,,,,,
E8,,,VCCO_0,,,0,,,,,3.30,,,,
E9,,IBUF,IP_0/VREF_0,UNUSED,,0,,,,,,,,,
E10,,DIFFSTB,IO_L06N_0/VREF_0,UNUSED,,0,,,,,,,,,
E11,,,VCCAUX,,,,,,,,3.3,,,,
E12,,,GND,,,,,,,,,,,,
E13,,DIFFMLR,IO_L23P_1/A22,UNUSED,,1,,,,,,,,,
E14,,DIFFMLR,IO_L20P_1/A18,UNUSED,,1,,,,,,,,,
E15,,,VCCO_1,,,1,,,,,3.30,,,,
E16,spi_le_4002,IOB,IO_L18P_1/A14,OUTPUT,LVCMOS33,1,12,SLOW,NONE**,,,LOCATED,NO,NONE,
F1,led<1>,IOB,IO_L08P_3,OUTPUT,LVCMOS33,3,12,SLOW,NONE**,,,LOCATED,NO,NONE,
F2,,,GND,,,,,,,,,,,,
F3,led<0>,IOB,IO_L07P_3,OUTPUT,LVCMOS33,3,12,SLOW,NONE**,,,LOCATED,NO,NONE,
F4,,DIFFSI_NDT,IP_L04N_3/VREF_3,UNUSED,,3,,,,,,,,,
F5,,,VCCAUX,,,,,,,,3.3,,,,
F6,,,GND,,,,,,,,,,,,
F7,,IBUF,IP_0,UNUSED,,0,,,,,,,,,
F8,,DIFFMTB,IO_L14P_0,UNUSED,,0,,,,,,,,,
F9,,IBUF,IP_0,UNUSED,,0,,,,,,,,,
F10,,IBUF,IP_0,UNUSED,,0,,,,,,,,,
F11,,DIFFSI_NDT,IP_L25N_1,UNUSED,,1,,,,,,,,,
F12,,DIFFMI_NDT,IP_L25P_1/VREF_1,UNUSED,,1,,,,,,,,,
F13,,DIFFSLR,IO_L20N_1/A19,UNUSED,,1,,,,,,,,,
F14,,DIFFSLR,IO_L19N_1/A17,UNUSED,,1,,,,,,,,,
F15,spi_sdo_4002,IOB,IO_L18N_1/A15,OUTPUT,LVCMOS33,1,12,SLOW,NONE**,,,LOCATED,NO,NONE,
F16,spi_clk_4002,IOB,IO_L16N_1/A11,OUTPUT,LVCMOS33,1,12,SLOW,NONE**,,,LOCATED,NO,NONE,
G1,trx3_tx,IOB,IO_L08N_3/VREF_3,OUTPUT,LVCMOS33,3,12,SLOW,NONE**,,,LOCATED,NO,NONE,
G2,,DIFFMLR,IO_L11P_3/LHCLK0,UNUSED,,3,,,,,,,,,
G3,,DIFFMLR,IO_L09P_3,UNUSED,,3,,,,,,,,,
G4,,DIFFSLR,IO_L07N_3,UNUSED,,3,,,,,,,,,
G5,,DIFFSI_NDT,IP_L06N_3/VREF_3,UNUSED,,3,,,,,,,,,
G6,,DIFFMI_NDT,IP_L06P_3,UNUSED,,3,,,,,,,,,
G7,,,VCCINT,,,,,,,,1.2,,,,
G8,,,GND,,,,,,,,,,,,
G9,,,VCCINT,,,,,,,,1.2,,,,
G10,,,GND,,,,,,,,,,,,
G11,,DIFFSI_NDT,IP_L21N_1,UNUSED,,1,,,,,,,,,
G12,,DIFFMI_NDT,IP_L21P_1/VREF_1,UNUSED,,1,,,,,,,,,
G13,,DIFFMLR,IO_L19P_1/A16,UNUSED,,1,,,,,,,,,
G14,,DIFFSLR,IO_L17N_1/A13,UNUSED,,1,,,,,,,,,
G15,,,GND,,,,,,,,,,,,
G16,mout_4002,IBUF,IO_L16P_1/A10,INPUT,LVCMOS33,1,,,,IBUF,,LOCATED,NO,NONE,
H1,,DIFFSLR,IO_L11N_3/LHCLK1,UNUSED,,3,,,,,,,,,
H2,,,VCCO_3,,,3,,,,,3.30,,,,
H3,,DIFFMLR,IO_L12P_3/LHCLK2,UNUSED,,3,,,,,,,,,
H4,,DIFFSLR,IO_L09N_3,UNUSED,,3,,,,,,,,,
H5,,DIFFSLR,IO_L10N_3,UNUSED,,3,,,,,,,,,
H6,,DIFFMLR,IO_L10P_3,UNUSED,,3,,,,,,,,,
H7,,DIFFMI_NDT,IP_L13P_3,UNUSED,,3,,,,,,,,,
H8,,,VCCINT,,,,,,,,1.2,,,,
H9,,,GND,,,,,,,,,,,,
H10,,DIFFMI_NDT,IP_L13P_1,UNUSED,,1,,,,,,,,,
H11,,DIFFSI_NDT,IP_L13N_1,UNUSED,,1,,,,,,,,,
H12,,,VCCO_1,,,1,,,,,3.30,,,,
H13,,DIFFMLR,IO_L17P_1/A12,UNUSED,,1,,,,,,,,,
H14,,DIFFSLR,IO_L14N_1/RHCLK5,UNUSED,,1,,,,,,,,,
H15,,DIFFMLR,IO_L15P_1/IRDY1/RHCLK6,UNUSED,,1,,,,,,,,,
H16,ce_4002,IOB,IO_L15N_1/RHCLK7,OUTPUT,LVCMOS33,1,12,SLOW,NONE**,,,LOCATED,NO,NONE,
J1,trx4_spi_cs,IOB,IO_L14N_3/LHCLK5,OUTPUT,LVCMOS33,3,12,SLOW,NONE**,,,LOCATED,NO,NONE,
J2,trx4_tx,IOB,IO_L14P_3/LHCLK4,OUTPUT,LVCMOS33,3,12,SLOW,NONE**,,,LOCATED,NO,NONE,
J3,trx4_en_n,IOB,IO_L12N_3/IRDY2/LHCLK3,OUTPUT,LVCMOS33,3,12,SLOW,NONE**,,,LOCATED,NO,NONE,
J4,,DIFFMLR,IO_L17P_3,UNUSED,,3,,,,,,,,,
J5,,,VCCO_3,,,3,,,,,3.30,,,,
J6,,DIFFSLR,IO_L17N_3,UNUSED,,3,,,,,,,,,
J7,,DIFFSI_NDT,IP_L13N_3,UNUSED,,3,,,,,,,,,
J8,,,GND,,,,,,,,,,,,
J9,,,VCCINT,,,,,,,,1.2,,,,
J10,,DIFFMI_NDT,IP_L09P_1/VREF_1,UNUSED,,1,,,,,,,,,
J11,,DIFFSI_NDT,IP_L09N_1,UNUSED,,1,,,,,,,,,
J12,,DIFFMLR,IO_L10P_1/A8,UNUSED,,1,,,,,,,,,
J13,,DIFFSLR,IO_L10N_1/A9,UNUSED,,1,,,,,,,,,
J14,,DIFFMLR,IO_L14P_1/RHCLK4,UNUSED,,1,,,,,,,,,
J15,,,VCCO_1,,,1,,,,,3.30,,,,
J16,,DIFFSLR,IO_L12N_1/TRDY1/RHCLK3,UNUSED,,1,,,,,,,,,
K1,trx4_rx,IOB,IO_L15N_3/LHCLK7,OUTPUT,LVCMOS33,3,12,SLOW,NONE**,,,LOCATED,NO,NONE,
K2,,,GND,,,,,,,,,,,,
K3,,DIFFMLR,IO_L15P_3/TRDY2/LHCLK6,UNUSED,,3,,,,,,,,,
K4,,DIFFMLR,IO_L18P_3,UNUSED,,3,,,,,,,,,
K5,,DIFFMI_NDT,IP_L21P_3,UNUSED,,3,,,,,,,,,
K6,,DIFFSI_NDT,IP_L21N_3,UNUSED,,3,,,,,,,,,
K7,,,GND,,,,,,,,,,,,
K8,,,VCCINT,,,,,,,,1.2,,,,
K9,,,GND,,,,,,,,,,,,
K10,,,VCCINT,,,,,,,,1.2,,,,
K11,,DIFFMI_NDT,IP_L04P_1,UNUSED,,1,,,,,,,,,
K12,,DIFFSI_NDT,IP_L04N_1/VREF_1,UNUSED,,1,,,,,,,,,
K13,,DIFFSLR,IO_L06N_1/A3,UNUSED,,1,,,,,,,,,
K14,,DIFFSLR,IO_L11N_1/RHCLK1,UNUSED,,1,,,,,,,,,
K15,,DIFFMLR,IO_L11P_1/RHCLK0,UNUSED,,1,,,,,,,,,
K16,,DIFFMLR,IO_L12P_1/RHCLK2,UNUSED,,1,,,,,,,,,
L1,FPGA_RX,IBUF,IO_L16P_3/VREF_3,INPUT,LVCMOS33,3,,,,IBUF,,LOCATED,NO,NONE,
L2,FPGA_TX,IOB,IO_L16N_3,OUTPUT,LVCMOS33,3,12,SLOW,NONE**,,,LOCATED,NO,NONE,
L3,,DIFFSLR,IO_L18N_3,UNUSED,,3,,,,,,,,,
L4,,DIFFSLR,IO_L19N_3,UNUSED,,3,,,,,,,,,
L5,,DIFFMI_NDT,IP_L25P_3,UNUSED,,3,,,,,,,,,
L6,,DIFFSI_NDT,IP_L25N_3/VREF_3,UNUSED,,3,,,,,,,,,
L7,,IBUF,IP_2,UNUSED,,2,,,,,,,,,
L8,,IBUF,IP_2,UNUSED,,2,,,,,,,,,
L9,,IBUF,IP_2/VREF_2,UNUSED,,2,,,,,,,,,
L10,,IBUF,IP_2/VREF_2,UNUSED,,2,,,,,,,,,
L11,,,GND,,,,,,,,,,,,
L12,,,VCCAUX,,,,,,,,3.3,,,,
L13,,DIFFMLR,IO_L06P_1/A2,UNUSED,,1,,,,,,,,,
L14,,DIFFMLR,IO_L08P_1/A6,UNUSED,,1,,,,,,,,,
L15,,,GND,,,,,,,,,,,,
L16,,DIFFSLR,IO_L08N_1/A7,UNUSED,,1,,,,,,,,,
M1,,DIFFMLR,IO_L20P_3,UNUSED,,3,,,,,,,,,
M2,,,VCCO_3,,,3,,,,,3.30,,,,
M3,,DIFFMLR,IO_L19P_3,UNUSED,,3,,,,,,,,,
M4,,DIFFSLR,IO_L24N_3,UNUSED,,3,,,,,,,,,
M5,,,GND,,,,,,,,,,,,
M6,,,VCCAUX,,,,,,,,3.3,,,,
M7,,IBUF,IP_2/VREF_2,UNUSED,,2,,,,,,,,,
M8,,IBUF,IP_2/VREF_2,UNUSED,,2,,,,,,,,,
M9,,,VCCO_2,,,2,,,,,any******,,,,
M10,,DIFFSTB,IO_L13N_2,UNUSED,,2,,,,,,,,,
M11,,IBUF,IP_2/VREF_2,UNUSED,,2,,,,,,,,,
M12,,,GND,,,,,,,,,,,,
M13,,DIFFMLR,IO_L05P_1,UNUSED,,1,,,,,,,,,
M14,,DIFFSLR,IO_L05N_1/VREF_1,UNUSED,,1,,,,,,,,,
M15,,DIFFMLR,IO_L07P_1/A4,UNUSED,,1,,,,,,,,,
M16,,DIFFSLR,IO_L07N_1/A5,UNUSED,,1,,,,,,,,,
N1,,DIFFSLR,IO_L20N_3,UNUSED,,3,,,,,,,,,
N2,,DIFFMLR,IO_L22P_3,UNUSED,,3,,,,,,,,,
N3,,DIFFMLR,IO_L24P_3,UNUSED,,3,,,,,,,,,
N4,,DIFFMTB,IO_L01P_2/M1,UNUSED,,2,,,,,,,,,
N5,,IBUF,IP_2/VREF_2,UNUSED,,2,,,,,,,,,
N6,,DIFFMTB,IO_L04P_2/VS1,UNUSED,,2,,,,,,,,,
N7,,DIFFMTB,IO_L07P_2,UNUSED,,2,,,,,,,,,
N8,debug_mode,IBUF,IO_L08N_2/D4,INPUT,LVCMOS33,2,,,,IBUF,,LOCATED,NO,NONE,
N9,,DIFFMTB,IO_L11P_2/GCLK0,UNUSED,,2,,,,,,,,,
N10,,DIFFMTB,IO_L13P_2,UNUSED,,2,,,,,,,,,
N11,,DIFFSTB,IO_L16N_2,UNUSED,,2,,,,,,,,,
N12,,DIFFMTB,IO_L19P_2,UNUSED,,2,,,,,,,,,
N13,,DIFFMLR,IO_L01P_1/HDC,UNUSED,,1,,,,,,,,,
N14,,DIFFSLR,IO_L01N_1/LDC2,UNUSED,,1,,,,,,,,,
N15,,,VCCO_1,,,1,,,,,3.30,,,,
N16,,DIFFSLR,IO_L03N_1/A1,UNUSED,,1,,,,,,,,,
P1,,DIFFSLR,IO_L22N_3,UNUSED,,3,,,,,,,,,
P2,,DIFFSLR,IO_L23N_3,UNUSED,,3,,,,,,,,,
P3,,,GND,,,,,,,,,,,,
P4,,DIFFSTB,IO_L01N_2/M0,UNUSED,,2,,,,,,,,,
P5,,DIFFSTB,IO_L04N_2/VS0,UNUSED,,2,,,,,,,,,
P6,fpga_rad,IBUF,IO_L07N_2,INPUT,LVCMOS33,2,,,,IBUF,,LOCATED,NO,NONE,
P7,,DIFFMTB,IO_L08P_2/D5,UNUSED,,2,,,,,,,,,
P8,,DIFFMTB,IO_L10P_2/GCLK14,UNUSED,,2,,,,,,,,,
P9,clk,IBUF,IO_L11N_2/GCLK1,INPUT,LVCMOS33,2,,,,IBUF,,LOCATED,NO,NONE,
P10,,DIFFSTB,IO_L14N_2/MOSI/CSI_B,UNUSED,,2,,,,,,,,,
P11,,DIFFMTB,IO_L16P_2,UNUSED,,2,,,,,,,,,
P12,,DIFFSTB,IO_L17N_2/D3,UNUSED,,2,,,,,,,,,
P13,,DIFFSTB,IO_L19N_2,UNUSED,,2,,,,,,,,,
P14,,,GND,,,,,,,,,,,,
P15,,DIFFSLR,IO_L02N_1/LDC0,UNUSED,,1,,,,,,,,,
P16,amp_en,IOB,IO_L03P_1/A0,OUTPUT,LVCMOS33,1,12,SLOW,NONE**,,,LOCATED,NO,NONE,
R1,,DIFFMLR,IO_L23P_3,UNUSED,,3,,,,,,,,,
R2,,DIFFMTB,IO_L02P_2/M2,UNUSED,,2,,,,,,,,,
R3,fpga_rx,IBUF,IO_L03P_2/RDWR_B,INPUT,LVCMOS33,2,,,,IBUF,,LOCATED,NO,NONE,
R4,,,VCCO_2,,,2,,,,,any******,,,,
R5,fpga_spi_clk_n,DIFFSI_NDT,IO_L05N_2,,LVDS_33,2,,,,,,,NO,,
R6,,,GND,,,,,,,,,,,,
R7,fpga_spi_cs_p,DIFFMI_NDT,IO_L09P_2/GCLK12,,LVDS_33,2,,,,,,LOCATED,NO,,
R8,,,VCCO_2,,,2,,,,,any******,,,,
R9,,DIFFMTB,IO_L12P_2/GCLK2,UNUSED,,2,,,,,,,,,
R10,,,GND,,,,,,,,,,,,
R11,,DIFFSTB,IO_L15N_2/DOUT,UNUSED,,2,,,,,,,,,
R12,,,VCCO_2,,,2,,,,,any******,,,,
R13,,DIFFSTB,IO_L18N_2/D1,UNUSED,,2,,,,,,,,,
R14,,DIFFSTB,IO_L20N_2/CCLK,UNUSED,,2,,,,,,,,,
R15,,DIFFMLR,IO_L02P_1/LDC1,UNUSED,,1,,,,,,,,,
R16,,,SUSPEND,,,,,,,,,,,,
T1,,,GND,,,,,,,,,,,,
T2,fpga_tx,IBUF,IO_L02N_2/CSO_B,INPUT,LVCMOS33,2,,,,IBUF,,LOCATED,NO,NONE,
T3,,DIFFSTB,IO_L03N_2/VS2,UNUSED,,2,,,,,,,,,
T4,fpga_spi_clk_p,DIFFMI_NDT,IO_L05P_2,,LVDS_33,2,,,,,,LOCATED,NO,,
T5,fpga_spi_mosi_p,DIFFMI_NDT,IO_L06P_2/D7,,LVDS_33,2,,,,,,LOCATED,NO,,
T6,fpga_spi_mosi_n,DIFFSI_NDT,IO_L06N_2/D6,,LVDS_33,2,,,,,,,NO,,
T7,fpga_spi_cs_n,DIFFSI_NDT,IO_L09N_2/GCLK13,,LVDS_33,2,,,,,,,NO,,
T8,,DIFFSTB,IO_L10N_2/GCLK15,UNUSED,,2,,,,,,,,,
T9,,DIFFSTB,IO_L12N_2/GCLK3,UNUSED,,2,,,,,,,,,
T10,,DIFFMTB,IO_L14P_2,UNUSED,,2,,,,,,,,,
T11,,DIFFMTB,IO_L15P_2/AWAKE,UNUSED,,2,,,,,,,,,
T12,,DIFFMTB,IO_L17P_2/INIT_B,UNUSED,,2,,,,,,,,,
T13,,DIFFMTB,IO_L18P_2/D2,UNUSED,,2,,,,,,,,,
T14,,DIFFMTB,IO_L20P_2/D0/DIN/MISO,UNUSED,,2,,,,,,,,,
T15,,,DONE,,,,,,,,,,,,
T16,,,GND,,,,,,,,,,,,

# -----,-----,-----,-----,-----,-----,-----,-----,-----,-----,-----,-----,-----,-----,-----,
# 
#* Default value.
#** This default Pullup/Pulldown value can be overridden in Bitgen. 
#****** Special VCCO requirements may apply. Please consult the device 
#       family datasheet for specific guideline on VCCO requirements. 
#
#
#